-- phpMyAdmin SQL Dump
-- version 5.0.1
-- https://www.phpmyadmin.net/
--
-- Máy chủ: 127.0.0.1
-- Thời gian đã tạo: Th6 06, 2020 lúc 10:48 AM
-- Phiên bản máy phục vụ: 10.4.11-MariaDB
-- Phiên bản PHP: 7.2.27

SET SQL_MODE = "NO_AUTO_VALUE_ON_ZERO";
SET AUTOCOMMIT = 0;
START TRANSACTION;
SET time_zone = "+00:00";


/*!40101 SET @OLD_CHARACTER_SET_CLIENT=@@CHARACTER_SET_CLIENT */;
/*!40101 SET @OLD_CHARACTER_SET_RESULTS=@@CHARACTER_SET_RESULTS */;
/*!40101 SET @OLD_COLLATION_CONNECTION=@@COLLATION_CONNECTION */;
/*!40101 SET NAMES utf8mb4 */;

--
-- Cơ sở dữ liệu: `quanlycoffee`
--

-- --------------------------------------------------------

--
-- Cấu trúc bảng cho bảng `chitiethoadon`
--

CREATE TABLE `chitiethoadon` (
  `MaHD` varchar(10) COLLATE utf8_unicode_ci NOT NULL,
  `MaDU` varchar(10) COLLATE utf8_unicode_ci NOT NULL,
  `SoLuong` int(11) NOT NULL,
  `DonGia` float NOT NULL
) ENGINE=InnoDB DEFAULT CHARSET=utf8 COLLATE=utf8_unicode_ci;

--
-- Đang đổ dữ liệu cho bảng `chitiethoadon`
--

INSERT INTO `chitiethoadon` (`MaHD`, `MaDU`, `SoLuong`, `DonGia`) VALUES
('HD1', 'DU15', 1, 40);

-- --------------------------------------------------------

--
-- Cấu trúc bảng cho bảng `chitietphieunhap`
--

CREATE TABLE `chitietphieunhap` (
  `MaPN` varchar(10) COLLATE utf8_unicode_ci NOT NULL,
  `MaDU` varchar(10) COLLATE utf8_unicode_ci NOT NULL,
  `SoLuong` int(10) UNSIGNED NOT NULL,
  `DonGia` float UNSIGNED NOT NULL
) ENGINE=InnoDB DEFAULT CHARSET=utf8 COLLATE=utf8_unicode_ci;

--
-- Đang đổ dữ liệu cho bảng `chitietphieunhap`
--

INSERT INTO `chitietphieunhap` (`MaPN`, `MaDU`, `SoLuong`, `DonGia`) VALUES
('PN1', 'DU14', 1, 43);

-- --------------------------------------------------------

--
-- Cấu trúc bảng cho bảng `douong`
--

CREATE TABLE `douong` (
  `MaDU` varchar(10) COLLATE utf8_unicode_ci NOT NULL,
  `MaLDU` varchar(30) COLLATE utf8_unicode_ci NOT NULL,
  `TenDU` varchar(70) COLLATE utf8_unicode_ci NOT NULL,
  `DonGia` float NOT NULL,
  `SoLuong` int(10) UNSIGNED NOT NULL DEFAULT 1,
  `HinhAnh` varchar(200) COLLATE utf8_unicode_ci NOT NULL,
  `TrangThai` int(11) NOT NULL
) ENGINE=InnoDB DEFAULT CHARSET=utf8 COLLATE=utf8_unicode_ci;

--
-- Đang đổ dữ liệu cho bảng `douong`
--

INSERT INTO `douong` (`MaDU`, `MaLDU`, `TenDU`, `DonGia`, `SoLuong`, `HinhAnh`, `TrangThai`) VALUES
('DU1', 'LDU1', 'Americano', 29, 50, 'cf-Americano.png', 0),
('DU10', 'LDU2', 'Orange juice', 34, 50, 'fru-Orange.png', 0),
('DU11', 'LDU2', 'Pear juice', 35, 50, 'fru-Pear.png', 0),
('DU12', 'LDU2', 'Strawberry juice', 34, 50, 'fru-Strawberry.png', 0),
('DU13', 'LDU3', 'Berry', 40, 50, 'smoo-Berry.png', 0),
('DU14', 'LDU3', 'Green', 43, 51, 'smoo-Green.png', 0),
('DU15', 'LDU3', 'Orange', 40, 49, 'smoo-Orange.png', 0),
('DU16', 'LDU3', 'Strawberry', 45, 50, 'smoo-Strawberry.png', 0),
('DU2', 'LDU1', 'Cappuccino', 29, 0, 'cf-Cappuccino.png', 1),
('DU3', 'LDU1', 'Caramel macchiato', 32, 50, 'cf-Caramel-macchiato.png', 0),
('DU4', 'LDU1', 'Espresso', 34, 50, 'cf-Espresso.png', 0),
('DU5', 'LDU1', 'Flat White', 35, 50, 'cf-Flat-White.png', 0),
('DU6', 'LDU1', 'Macchiato', 30, 0, 'cf-Macchiato.png', 1),
('DU7', 'LDU2', 'Banana juice', 37, 50, 'fru-Banana.png', 0),
('DU8', 'LDU2', 'Bluebenny juice', 30, 50, 'fru-Blueberry.png', 0),
('DU9', 'LDU2', 'Grapefruit juice', 34, 50, 'fru-Grapefruit .png', 0);

-- --------------------------------------------------------

--
-- Cấu trúc bảng cho bảng `hoadon`
--

CREATE TABLE `hoadon` (
  `MaHD` varchar(10) COLLATE utf8_unicode_ci NOT NULL,
  `MaNV` varchar(10) COLLATE utf8_unicode_ci NOT NULL,
  `MaKH` varchar(10) COLLATE utf8_unicode_ci NOT NULL,
  `MaKM` varchar(10) COLLATE utf8_unicode_ci NOT NULL,
  `NgayLap` date NOT NULL,
  `GioLap` time NOT NULL,
  `TongTien` float NOT NULL
) ENGINE=InnoDB DEFAULT CHARSET=utf8 COLLATE=utf8_unicode_ci;

--
-- Đang đổ dữ liệu cho bảng `hoadon`
--

INSERT INTO `hoadon` (`MaHD`, `MaNV`, `MaKH`, `MaKM`, `NgayLap`, `GioLap`, `TongTien`) VALUES
('HD1', 'NV0', 'KH1', 'KM4', '2020-06-06', '15:28:43', 40);

-- --------------------------------------------------------

--
-- Cấu trúc bảng cho bảng `khachhang`
--

CREATE TABLE `khachhang` (
  `MaKH` varchar(10) COLLATE utf8_unicode_ci NOT NULL,
  `TenKH` varchar(50) COLLATE utf8_unicode_ci NOT NULL,
  `DiaChi` varchar(100) COLLATE utf8_unicode_ci NOT NULL,
  `SDT` varchar(15) COLLATE utf8_unicode_ci NOT NULL,
  `TrangThai` int(11) NOT NULL
) ENGINE=InnoDB DEFAULT CHARSET=utf8 COLLATE=utf8_unicode_ci;

--
-- Đang đổ dữ liệu cho bảng `khachhang`
--

INSERT INTO `khachhang` (`MaKH`, `TenKH`, `DiaChi`, `SDT`, `TrangThai`) VALUES
('KH1', 'Trần Văn Hoàng', 'TP HCM', '0123456789', 0),
('KH10', 'Trần Ngọc Hải', 'Kiên Giang', '0905271941', 0),
('KH11', 'Nguyễn Xuân Diệu', 'TP HCM', '0301279552', 0),
('KH12', 'Trần Thanh Thiện', 'Hà Nội', '0123617389', 1),
('KH13', 'Huỳnh Minh Mẫn', 'An Giang', '0389230581', 0),
('KH14', 'Trần Xuân An', 'Long An', '0972136531', 0),
('KH15', 'Nguyễn Thị Xuân', 'TP HCM', '0702571936', 0),
('KH3', 'Phan Thanh Tùng', 'Hà Nội', '0952612771', 0),
('KH4', 'Trần Thanh Sơn', 'Hải Phòng', '0120617231', 0),
('KH5', 'Trần Thanh Thái', 'Bến Tre', '0912385524', 1),
('KH6', 'Nguyễn Hồng Nhung', 'Huế', '0967263941', 0),
('KH7', 'Từ Ngọc Cảnh', 'Sóc Trăng', '0306172915', 0),
('KH8', 'Nguyễn Thiên Phụng', 'Vũng Tàu', '0703167293', 0),
('KH9', 'Nguyễn Diệu Ái', 'TP HCM', '0805178293', 0);

-- --------------------------------------------------------

--
-- Cấu trúc bảng cho bảng `khuyenmai`
--

CREATE TABLE `khuyenmai` (
  `MaKM` varchar(10) COLLATE utf8_unicode_ci NOT NULL,
  `TenKM` varchar(100) COLLATE utf8_unicode_ci NOT NULL,
  `DieuKienKM` float NOT NULL,
  `PhanTramKM` float NOT NULL,
  `NgayBD` date DEFAULT NULL,
  `NgayKT` date DEFAULT NULL
) ENGINE=InnoDB DEFAULT CHARSET=utf8 COLLATE=utf8_unicode_ci;

--
-- Đang đổ dữ liệu cho bảng `khuyenmai`
--

INSERT INTO `khuyenmai` (`MaKM`, `TenKM`, `DieuKienKM`, `PhanTramKM`, `NgayBD`, `NgayKT`) VALUES
('KM1', 'Không khuyến mãi', 0, 0, '2020-04-01', '2021-04-30'),
('KM2', 'Giảm giá nhân ngày 30/4', 5, 5, '2020-04-30', '2020-04-23'),
('KM3', 'Giảm giá 1/5', 20, 7.5, '2020-04-25', '2020-05-02'),
('KM4', 'Giảm giá tết', 15, 5, '2020-04-24', '2020-12-01');

-- --------------------------------------------------------

--
-- Cấu trúc bảng cho bảng `loaidouong`
--

CREATE TABLE `loaidouong` (
  `MaLDU` varchar(10) COLLATE utf8_unicode_ci NOT NULL,
  `TenLDU` varchar(70) COLLATE utf8_unicode_ci NOT NULL,
  `Mota` varchar(200) COLLATE utf8_unicode_ci NOT NULL
) ENGINE=InnoDB DEFAULT CHARSET=utf8 COLLATE=utf8_unicode_ci;

--
-- Đang đổ dữ liệu cho bảng `loaidouong`
--

INSERT INTO `loaidouong` (`MaLDU`, `TenLDU`, `Mota`) VALUES
('LDU1', 'Coffee', ''),
('LDU2', 'Nước ép', ''),
('LDU3', 'Sinh tố', '');

-- --------------------------------------------------------

--
-- Cấu trúc bảng cho bảng `nhacungcap`
--

CREATE TABLE `nhacungcap` (
  `MaNCC` varchar(10) COLLATE utf8_unicode_ci NOT NULL,
  `TenNCC` varchar(70) COLLATE utf8_unicode_ci NOT NULL,
  `DiaChi` varchar(100) COLLATE utf8_unicode_ci NOT NULL,
  `SDT` varchar(15) COLLATE utf8_unicode_ci NOT NULL,
  `Fax` varchar(30) COLLATE utf8_unicode_ci DEFAULT NULL
) ENGINE=InnoDB DEFAULT CHARSET=utf8 COLLATE=utf8_unicode_ci;

--
-- Đang đổ dữ liệu cho bảng `nhacungcap`
--

INSERT INTO `nhacungcap` (`MaNCC`, `TenNCC`, `DiaChi`, `SDT`, `Fax`) VALUES
('NCC1', 'CoffeeTrungNguyen', 'TP.HCM', '0123456789', '0123456789');

-- --------------------------------------------------------

--
-- Cấu trúc bảng cho bảng `nhanvien`
--

CREATE TABLE `nhanvien` (
  `MaNV` varchar(10) COLLATE utf8_unicode_ci NOT NULL,
  `TenNV` text COLLATE utf8_unicode_ci NOT NULL,
  `NgaySinh` date NOT NULL,
  `DiaChi` varchar(100) COLLATE utf8_unicode_ci NOT NULL,
  `SDT` varchar(15) COLLATE utf8_unicode_ci NOT NULL,
  `TrangThai` int(11) NOT NULL
) ENGINE=InnoDB DEFAULT CHARSET=utf8 COLLATE=utf8_unicode_ci;

--
-- Đang đổ dữ liệu cho bảng `nhanvien`
--

INSERT INTO `nhanvien` (`MaNV`, `TenNV`, `NgaySinh`, `DiaChi`, `SDT`, `TrangThai`) VALUES
('NV0', 'Admin', '2020-06-01', 'TP HCM', '123', 0),
('NV1', 'Nguyễn Quốc Khánh', '2000-11-13', 'TP HCM', '0145647854', 0),
('NV3', 'Tô Trần Khánh Hòa', '2000-10-22', 'TP HCM', '0128456786', 1),
('NV4', 'Trần Thị Kim Nhi', '2000-04-24', 'TP HCM', '01207764668', 0),
('NV5', 'Võ Minh Hưng', '2000-01-01', 'TP HCM', '0367756753', 0),
('NV6', 'Phan Quỳnh Bích Trâm', '2000-01-01', 'TP HCM', '0367756753', 0);

-- --------------------------------------------------------

--
-- Cấu trúc bảng cho bảng `phanquyen`
--

CREATE TABLE `phanquyen` (
  `MaQuyen` varchar(10) COLLATE utf8_unicode_ci NOT NULL,
  `TenQuyen` varchar(20) COLLATE utf8_unicode_ci NOT NULL,
  `ChiTietQuyen` varchar(255) COLLATE utf8_unicode_ci NOT NULL
) ENGINE=InnoDB DEFAULT CHARSET=utf8 COLLATE=utf8_unicode_ci;

--
-- Đang đổ dữ liệu cho bảng `phanquyen`
--

INSERT INTO `phanquyen` (`MaQuyen`, `TenQuyen`, `ChiTietQuyen`) VALUES
('MQ00', 'Admin', 'qlBanHang qlNhapHang qlDoUong qlLoaiDoUong qlHoaDon qlKhuyenMai qlNhanVien qlKhachHang qlPhieuNhap qlNCC qlTaiKhoan qlQuyen'),
('MQ01', 'Quản lý', 'qlBanHang qlNhapHang qlDoUong qlLoaiDoUong qlHoaDon qlKhuyenMai qlNhanVien qlKhachHang qlPhieuNhap qlNCC qlTaiKhoan qlQuyen'),
('MQ02', 'Nhân viên', 'qlBanHang xemDoUong xemLoaiDoUong xemHoaDon xemNhanVien xemKhachHang qlPhieuNhap qlNCC');

-- --------------------------------------------------------

--
-- Cấu trúc bảng cho bảng `phieunhap`
--

CREATE TABLE `phieunhap` (
  `MaPN` varchar(10) COLLATE utf8_unicode_ci NOT NULL,
  `MaNCC` varchar(10) COLLATE utf8_unicode_ci NOT NULL,
  `MaNV` varchar(10) COLLATE utf8_unicode_ci NOT NULL,
  `NgayNhap` date NOT NULL,
  `GioNhap` time NOT NULL,
  `TongTien` float NOT NULL
) ENGINE=InnoDB DEFAULT CHARSET=utf8 COLLATE=utf8_unicode_ci;

--
-- Đang đổ dữ liệu cho bảng `phieunhap`
--

INSERT INTO `phieunhap` (`MaPN`, `MaNCC`, `MaNV`, `NgayNhap`, `GioNhap`, `TongTien`) VALUES
('PN1', 'NCC1', 'NV0', '2020-06-06', '15:32:08', 43);

-- --------------------------------------------------------

--
-- Cấu trúc bảng cho bảng `taikhoan`
--

CREATE TABLE `taikhoan` (
  `TenTaiKhoan` varchar(50) COLLATE utf8_unicode_ci NOT NULL,
  `MatKhau` varchar(50) COLLATE utf8_unicode_ci NOT NULL,
  `MaNV` varchar(10) COLLATE utf8_unicode_ci NOT NULL,
  `MaQuyen` varchar(10) COLLATE utf8_unicode_ci NOT NULL
) ENGINE=InnoDB DEFAULT CHARSET=utf8 COLLATE=utf8_unicode_ci;

--
-- Đang đổ dữ liệu cho bảng `taikhoan`
--

INSERT INTO `taikhoan` (`TenTaiKhoan`, `MatKhau`, `MaNV`, `MaQuyen`) VALUES
('admin', 'admin', 'NV0', 'MQ00');

--
-- Chỉ mục cho các bảng đã đổ
--

--
-- Chỉ mục cho bảng `chitiethoadon`
--
ALTER TABLE `chitiethoadon`
  ADD KEY `MaDU` (`MaDU`),
  ADD KEY `MaHD` (`MaHD`);

--
-- Chỉ mục cho bảng `chitietphieunhap`
--
ALTER TABLE `chitietphieunhap`
  ADD KEY `MaDU` (`MaDU`),
  ADD KEY `MaPN` (`MaPN`);

--
-- Chỉ mục cho bảng `douong`
--
ALTER TABLE `douong`
  ADD PRIMARY KEY (`MaDU`),
  ADD KEY `LoaiSP` (`MaLDU`);

--
-- Chỉ mục cho bảng `hoadon`
--
ALTER TABLE `hoadon`
  ADD PRIMARY KEY (`MaHD`),
  ADD KEY `MaNV` (`MaNV`),
  ADD KEY `MaKH` (`MaKH`),
  ADD KEY `MaKM` (`MaKM`);

--
-- Chỉ mục cho bảng `khachhang`
--
ALTER TABLE `khachhang`
  ADD PRIMARY KEY (`MaKH`);

--
-- Chỉ mục cho bảng `khuyenmai`
--
ALTER TABLE `khuyenmai`
  ADD PRIMARY KEY (`MaKM`);

--
-- Chỉ mục cho bảng `loaidouong`
--
ALTER TABLE `loaidouong`
  ADD PRIMARY KEY (`MaLDU`);

--
-- Chỉ mục cho bảng `nhacungcap`
--
ALTER TABLE `nhacungcap`
  ADD PRIMARY KEY (`MaNCC`);

--
-- Chỉ mục cho bảng `nhanvien`
--
ALTER TABLE `nhanvien`
  ADD PRIMARY KEY (`MaNV`);

--
-- Chỉ mục cho bảng `phanquyen`
--
ALTER TABLE `phanquyen`
  ADD PRIMARY KEY (`MaQuyen`);

--
-- Chỉ mục cho bảng `phieunhap`
--
ALTER TABLE `phieunhap`
  ADD PRIMARY KEY (`MaPN`),
  ADD KEY `MaNCC` (`MaNCC`),
  ADD KEY `MaNV` (`MaNV`);

--
-- Chỉ mục cho bảng `taikhoan`
--
ALTER TABLE `taikhoan`
  ADD PRIMARY KEY (`TenTaiKhoan`),
  ADD KEY `MaQuyen` (`MaQuyen`),
  ADD KEY `MaNV` (`MaNV`);

--
-- Các ràng buộc cho các bảng đã đổ
--

--
-- Các ràng buộc cho bảng `chitiethoadon`
--
ALTER TABLE `chitiethoadon`
  ADD CONSTRAINT `chitiethoadon_ibfk_1` FOREIGN KEY (`MaHD`) REFERENCES `hoadon` (`MaHD`) ON UPDATE CASCADE,
  ADD CONSTRAINT `chitiethoadon_ibfk_2` FOREIGN KEY (`MaDU`) REFERENCES `douong` (`MaDU`) ON UPDATE CASCADE;

--
-- Các ràng buộc cho bảng `chitietphieunhap`
--
ALTER TABLE `chitietphieunhap`
  ADD CONSTRAINT `chitietphieunhap_ibfk_2` FOREIGN KEY (`MaDU`) REFERENCES `douong` (`MaDU`) ON UPDATE CASCADE,
  ADD CONSTRAINT `chitietphieunhap_ibfk_3` FOREIGN KEY (`MaPN`) REFERENCES `phieunhap` (`MaPN`) ON UPDATE CASCADE;

--
-- Các ràng buộc cho bảng `douong`
--
ALTER TABLE `douong`
  ADD CONSTRAINT `douong_ibfk_1` FOREIGN KEY (`MaLDU`) REFERENCES `loaidouong` (`MaLDU`) ON UPDATE CASCADE;

--
-- Các ràng buộc cho bảng `hoadon`
--
ALTER TABLE `hoadon`
  ADD CONSTRAINT `hoadon_ibfk_1` FOREIGN KEY (`MaKH`) REFERENCES `khachhang` (`MaKH`) ON UPDATE CASCADE,
  ADD CONSTRAINT `hoadon_ibfk_2` FOREIGN KEY (`MaNV`) REFERENCES `nhanvien` (`MaNV`) ON UPDATE CASCADE,
  ADD CONSTRAINT `khuyenmai_ibfk_3` FOREIGN KEY (`MaKM`) REFERENCES `khuyenmai` (`MaKM`) ON UPDATE CASCADE;

--
-- Các ràng buộc cho bảng `phieunhap`
--
ALTER TABLE `phieunhap`
  ADD CONSTRAINT `phieunhap_ibfk_1` FOREIGN KEY (`MaNCC`) REFERENCES `nhacungcap` (`MaNCC`) ON UPDATE CASCADE,
  ADD CONSTRAINT `phieunhap_ibfk_2` FOREIGN KEY (`MaNV`) REFERENCES `nhanvien` (`MaNV`) ON UPDATE CASCADE;

--
-- Các ràng buộc cho bảng `taikhoan`
--
ALTER TABLE `taikhoan`
  ADD CONSTRAINT `taikhoan_ibfk_2` FOREIGN KEY (`MaNV`) REFERENCES `nhanvien` (`MaNV`) ON UPDATE CASCADE,
  ADD CONSTRAINT `taikhoan_ibfk_3` FOREIGN KEY (`MaQuyen`) REFERENCES `phanquyen` (`MaQuyen`) ON UPDATE CASCADE;
COMMIT;

/*!40101 SET CHARACTER_SET_CLIENT=@OLD_CHARACTER_SET_CLIENT */;
/*!40101 SET CHARACTER_SET_RESULTS=@OLD_CHARACTER_SET_RESULTS */;
/*!40101 SET COLLATION_CONNECTION=@OLD_COLLATION_CONNECTION */;
